round,alive_sensors,alive_gateways,avg_energy_sensors,avg_energy_gateways,firstCHFailureRound
0,600,60,1.99969,9.9972,-1
1,600,60,1.99938,9.99441,-1
2,600,60,1.99907,9.99161,-1
3,600,60,1.99876,9.98882,-1
4,600,60,1.99844,9.98602,-1
5,600,60,1.99813,9.98322,-1
6,600,60,1.99782,9.98043,-1
7,600,60,1.99751,9.97763,-1
8,600,60,1.9972,9.97484,-1
9,600,60,1.99689,9.97204,-1
10,600,60,1.99658,9.96924,-1
11,600,60,1.99627,9.96645,-1
12,600,60,1.99596,9.96365,-1
13,600,60,1.99565,9.96085,-1
14,600,60,1.99533,9.95806,-1
15,600,60,1.99502,9.95526,-1
16,600,60,1.99471,9.95247,-1
17,600,60,1.9944,9.94967,-1
18,600,60,1.99409,9.94687,-1
19,600,60,1.99378,9.94408,-1
20,600,60,1.99347,9.94128,-1
21,600,60,1.99316,9.93849,-1
22,600,60,1.99285,9.93569,-1
23,600,60,1.99253,9.93289,-1
24,600,60,1.99222,9.9301,-1
25,600,60,1.99191,9.9273,-1
26,600,60,1.9916,9.92451,-1
27,600,60,1.99129,9.92171,-1
28,600,60,1.99098,9.91891,-1
29,600,60,1.99067,9.91612,-1
30,600,60,1.99036,9.91332,-1
31,600,60,1.99005,9.91053,-1
32,600,60,1.98973,9.90773,-1
33,600,60,1.98942,9.90493,-1
34,600,60,1.98911,9.90214,-1
35,600,60,1.9888,9.89934,-1
36,600,60,1.98849,9.89655,-1
37,600,60,1.98818,9.89375,-1
38,600,60,1.98787,9.89095,-1
39,600,60,1.98756,9.88816,-1
40,600,60,1.98725,9.88536,-1
41,600,60,1.98694,9.88256,-1
42,600,60,1.98662,9.87977,-1
43,600,60,1.98631,9.87697,-1
44,600,60,1.986,9.87418,-1
45,600,60,1.98569,9.87138,-1
46,600,60,1.98538,9.86858,-1
47,600,60,1.98507,9.86579,-1
48,600,60,1.98476,9.86299,-1
49,600,60,1.98445,9.8602,-1
50,600,60,1.98414,9.8574,-1
51,600,60,1.98382,9.8546,-1
52,600,60,1.98351,9.85181,-1
53,600,60,1.9832,9.84901,-1
54,600,60,1.98289,9.84622,-1
55,600,60,1.98258,9.84342,-1
56,600,60,1.98227,9.84062,-1
57,600,60,1.98196,9.83783,-1
58,600,60,1.98165,9.83503,-1
59,600,60,1.98134,9.83224,-1
60,600,60,1.98102,9.82944,-1
61,600,60,1.98071,9.82664,-1
62,600,60,1.9804,9.82385,-1
63,600,60,1.98009,9.82105,-1
64,600,60,1.97978,9.81825,-1
65,600,60,1.97947,9.81546,-1
66,600,60,1.97916,9.81266,-1
67,600,60,1.97885,9.80987,-1
68,600,60,1.97854,9.80707,-1
69,600,60,1.97823,9.80427,-1
70,600,60,1.97791,9.80148,-1
71,600,60,1.9776,9.79868,-1
72,600,60,1.97729,9.79589,-1
73,600,60,1.97698,9.79309,-1
74,600,60,1.97667,9.79029,-1
75,600,60,1.97636,9.7875,-1
76,600,60,1.97605,9.7847,-1
77,600,60,1.97574,9.78191,-1
78,600,60,1.97543,9.77911,-1
79,600,60,1.97511,9.77631,-1
80,600,60,1.9748,9.77352,-1
81,600,60,1.97449,9.77072,-1
82,600,60,1.97418,9.76793,-1
83,600,60,1.97387,9.76513,-1
84,600,60,1.97356,9.76233,-1
85,600,60,1.97325,9.75954,-1
86,600,60,1.97294,9.75674,-1
87,600,60,1.97263,9.75395,-1
88,600,60,1.97232,9.75115,-1
89,600,60,1.972,9.74835,-1
90,600,60,1.97169,9.74556,-1
91,600,60,1.97138,9.74276,-1
92,600,60,1.97107,9.73996,-1
93,600,60,1.97076,9.73717,-1
94,600,60,1.97045,9.73437,-1
95,600,60,1.97014,9.73158,-1
96,600,60,1.96983,9.72878,-1
97,600,60,1.96952,9.72598,-1
98,600,60,1.9692,9.72319,-1
99,600,60,1.96889,9.72039,-1
100,600,60,1.96858,9.7176,-1
101,600,60,1.96827,9.7148,-1
102,600,60,1.96796,9.712,-1
103,600,60,1.96765,9.70921,-1
104,600,60,1.96734,9.70641,-1
105,600,60,1.96703,9.70362,-1
106,600,60,1.96672,9.70082,-1
107,600,60,1.9664,9.69802,-1
108,600,60,1.96609,9.69523,-1
109,600,60,1.96578,9.69243,-1
110,600,60,1.96547,9.68964,-1
111,600,60,1.96516,9.68684,-1
112,600,60,1.96485,9.68404,-1
113,600,60,1.96454,9.68125,-1
114,600,60,1.96423,9.67845,-1
115,600,60,1.96392,9.67565,-1
116,600,60,1.96361,9.67286,-1
117,600,60,1.96329,9.67006,-1
118,600,60,1.96298,9.66727,-1
119,600,60,1.96267,9.66447,-1
120,600,60,1.96236,9.66167,-1
121,600,60,1.96205,9.65888,-1
122,600,60,1.96174,9.65608,-1
123,600,60,1.96143,9.65329,-1
124,600,60,1.96112,9.65049,-1
125,600,60,1.96081,9.64769,-1
126,600,60,1.96049,9.6449,-1
127,600,60,1.96018,9.6421,-1
128,600,60,1.95987,9.63931,-1
129,600,60,1.95956,9.63651,-1
130,600,60,1.95925,9.63371,-1
131,600,60,1.95894,9.63092,-1
132,600,60,1.95863,9.62812,-1
133,600,60,1.95832,9.62533,-1
134,600,60,1.95801,9.62253,-1
135,600,60,1.95769,9.61973,-1
136,600,60,1.95738,9.61694,-1
137,600,60,1.95707,9.61414,-1
138,600,60,1.95676,9.61135,-1
139,600,60,1.95645,9.60855,-1
140,600,60,1.95614,9.60575,-1
141,600,60,1.95583,9.60296,-1
142,600,60,1.95552,9.60016,-1
143,600,60,1.95521,9.59736,-1
144,600,60,1.9549,9.59457,-1
145,600,60,1.95458,9.59177,-1
146,600,60,1.95427,9.58898,-1
147,600,60,1.95396,9.58618,-1
148,600,60,1.95365,9.58338,-1
149,600,60,1.95334,9.58059,-1
150,600,60,1.95303,9.57779,-1
151,600,60,1.95272,9.575,-1
152,600,60,1.95241,9.5722,-1
153,600,60,1.9521,9.5694,-1
154,600,60,1.95178,9.56661,-1
155,600,60,1.95147,9.56381,-1
156,600,60,1.95116,9.56102,-1
157,600,60,1.95085,9.55822,-1
158,600,60,1.95054,9.55542,-1
159,600,60,1.95023,9.55263,-1
160,600,60,1.94992,9.54983,-1
161,600,60,1.94961,9.54704,-1
162,600,60,1.9493,9.54424,-1
163,600,60,1.94899,9.54144,-1
164,600,60,1.94867,9.53865,-1
165,600,60,1.94836,9.53585,-1
166,600,60,1.94805,9.53305,-1
167,600,60,1.94774,9.53026,-1
168,600,60,1.94743,9.52746,-1
169,600,60,1.94712,9.52467,-1
170,600,60,1.94681,9.52187,-1
171,600,60,1.9465,9.51907,-1
172,600,60,1.94619,9.51628,-1
173,600,60,1.94587,9.51348,-1
174,600,60,1.94556,9.51069,-1
175,600,60,1.94525,9.50789,-1
176,600,60,1.94494,9.50509,-1
177,600,60,1.94463,9.5023,-1
178,600,60,1.94432,9.4995,-1
179,600,60,1.94401,9.49671,-1
180,600,60,1.9437,9.49391,-1
181,600,60,1.94339,9.49111,-1
182,600,60,1.94307,9.48832,-1
183,600,60,1.94276,9.48552,-1
184,600,60,1.94245,9.48273,-1
185,600,60,1.94214,9.47993,-1
186,600,60,1.94183,9.47713,-1
187,600,60,1.94152,9.47434,-1
188,600,60,1.94121,9.47154,-1
189,600,60,1.9409,9.46875,-1
190,600,60,1.94059,9.46595,-1
191,600,60,1.94028,9.46315,-1
192,600,60,1.93996,9.46036,-1
193,600,60,1.93965,9.45756,-1
194,600,60,1.93934,9.45476,-1
195,600,60,1.93903,9.45197,-1
196,600,60,1.93872,9.44917,-1
197,600,60,1.93841,9.44638,-1
198,600,60,1.9381,9.44358,-1
199,600,60,1.93779,9.44078,-1
200,600,60,1.93748,9.43799,-1
201,600,60,1.93716,9.43519,-1
202,600,60,1.93685,9.4324,-1
203,600,60,1.93654,9.4296,-1
204,600,60,1.93623,9.4268,-1
205,600,60,1.93592,9.42401,-1
206,600,60,1.93561,9.42121,-1
207,600,60,1.9353,9.41842,-1
208,600,60,1.93499,9.41562,-1
209,600,60,1.93468,9.41282,-1
210,600,60,1.93436,9.41003,-1
211,600,60,1.93405,9.40723,-1
212,600,60,1.93374,9.40444,-1
213,600,60,1.93343,9.40164,-1
214,600,60,1.93312,9.39884,-1
215,600,60,1.93281,9.39605,-1
216,600,60,1.9325,9.39325,-1
217,600,60,1.93219,9.39045,-1
218,600,60,1.93188,9.38766,-1
219,600,60,1.93157,9.38486,-1
220,600,60,1.93125,9.38207,-1
221,600,60,1.93094,9.37927,-1
222,600,60,1.93063,9.37647,-1
223,600,60,1.93032,9.37368,-1
224,600,60,1.93001,9.37088,-1
225,600,60,1.9297,9.36809,-1
226,600,60,1.92939,9.36529,-1
227,600,60,1.92908,9.36249,-1
228,600,60,1.92877,9.3597,-1
229,600,60,1.92845,9.3569,-1
230,600,60,1.92814,9.35411,-1
231,600,60,1.92783,9.35131,-1
232,600,60,1.92752,9.34851,-1
233,600,60,1.92721,9.34572,-1
234,600,60,1.9269,9.34292,-1
235,600,60,1.92659,9.34013,-1
236,600,60,1.92628,9.33733,-1
237,600,60,1.92597,9.33453,-1
238,600,60,1.92566,9.33174,-1
239,600,60,1.92534,9.32894,-1
240,600,60,1.92503,9.32615,-1
241,600,60,1.92472,9.32335,-1
242,600,60,1.92441,9.32055,-1
243,600,60,1.9241,9.31776,-1
244,600,60,1.92379,9.31496,-1
245,600,60,1.92348,9.31216,-1
246,600,60,1.92317,9.30937,-1
247,600,60,1.92286,9.30657,-1
248,600,60,1.92254,9.30378,-1
249,600,60,1.92223,9.30098,-1
250,600,60,1.92192,9.29818,-1
251,600,60,1.92161,9.29539,-1
252,600,60,1.9213,9.29259,-1
253,600,60,1.92099,9.2898,-1
254,600,60,1.92068,9.287,-1
255,600,60,1.92037,9.2842,-1
256,600,60,1.92006,9.28141,-1
257,600,60,1.91974,9.27861,-1
258,600,60,1.91943,9.27582,-1
259,600,60,1.91912,9.27302,-1
260,600,60,1.91881,9.27022,-1
261,600,60,1.9185,9.26743,-1
262,600,60,1.91819,9.26463,-1
263,600,60,1.91788,9.26184,-1
264,600,60,1.91757,9.25904,-1
265,600,60,1.91726,9.25624,-1
266,600,60,1.91695,9.25345,-1
267,600,60,1.91663,9.25065,-1
268,600,60,1.91632,9.24785,-1
269,600,60,1.91601,9.24506,-1
270,600,60,1.9157,9.24226,-1
271,600,60,1.91539,9.23947,-1
272,600,60,1.91508,9.23667,-1
273,600,60,1.91477,9.23387,-1
274,600,60,1.91446,9.23108,-1
275,600,60,1.91415,9.22828,-1
276,600,60,1.91383,9.22549,-1
277,600,60,1.91352,9.22269,-1
278,600,60,1.91321,9.21989,-1
279,600,60,1.9129,9.2171,-1
280,600,60,1.91259,9.2143,-1
281,600,60,1.91228,9.21151,-1
282,600,60,1.91197,9.20871,-1
283,600,60,1.91166,9.20591,-1
284,600,60,1.91135,9.20312,-1
285,600,60,1.91103,9.20032,-1
286,600,60,1.91072,9.19753,-1
287,600,60,1.91041,9.19473,-1
288,600,60,1.9101,9.19193,-1
289,600,60,1.90979,9.18914,-1
290,600,60,1.90948,9.18634,-1
291,600,60,1.90917,9.18355,-1
292,600,60,1.90886,9.18075,-1
293,600,60,1.90855,9.17795,-1
294,600,60,1.90824,9.17516,-1
295,600,60,1.90792,9.17236,-1
296,600,60,1.90761,9.16956,-1
297,600,60,1.9073,9.16677,-1
298,600,60,1.90699,9.16397,-1
299,600,60,1.90668,9.16118,-1
300,600,60,1.90637,9.15838,-1
301,600,60,1.90606,9.15558,-1
302,600,60,1.90575,9.15279,-1
303,600,60,1.90544,9.14999,-1
304,600,60,1.90512,9.1472,-1
305,600,60,1.90481,9.1444,-1
306,600,60,1.9045,9.1416,-1
307,600,60,1.90419,9.13881,-1
308,600,60,1.90388,9.13601,-1
309,600,60,1.90357,9.13322,-1
310,600,60,1.90326,9.13042,-1
311,600,60,1.90295,9.12762,-1
312,600,60,1.90264,9.12483,-1
313,600,60,1.90233,9.12203,-1
314,600,60,1.90201,9.11924,-1
315,600,60,1.9017,9.11644,-1
316,600,60,1.90139,9.11364,-1
317,600,60,1.90108,9.11085,-1
318,600,60,1.90077,9.10805,-1
319,600,60,1.90046,9.10525,-1
320,600,60,1.90015,9.10246,-1
321,600,60,1.89984,9.09966,-1
322,600,60,1.89953,9.09687,-1
323,600,60,1.89921,9.09407,-1
324,600,60,1.8989,9.09127,-1
325,600,60,1.89859,9.08848,-1
326,600,60,1.89828,9.08568,-1
327,600,60,1.89797,9.08289,-1
328,600,60,1.89766,9.08009,-1
329,600,60,1.89735,9.07729,-1
330,600,60,1.89704,9.0745,-1
331,600,60,1.89673,9.0717,-1
332,600,60,1.89641,9.06891,-1
333,600,60,1.8961,9.06611,-1
334,600,60,1.89579,9.06331,-1
335,600,60,1.89548,9.06052,-1
336,600,60,1.89517,9.05772,-1
337,600,60,1.89486,9.05493,-1
338,600,60,1.89455,9.05213,-1
339,600,60,1.89424,9.04933,-1
340,600,60,1.89393,9.04654,-1
341,600,60,1.89362,9.04374,-1
342,600,60,1.8933,9.04095,-1
343,600,60,1.89299,9.03815,-1
344,600,60,1.89268,9.03535,-1
345,600,60,1.89237,9.03256,-1
346,600,60,1.89206,9.02976,-1
347,600,60,1.89175,9.02696,-1
348,600,60,1.89144,9.02417,-1
349,600,60,1.89113,9.02137,-1
350,600,60,1.89082,9.01858,-1
351,600,60,1.8905,9.01578,-1
352,600,60,1.89019,9.01298,-1
353,600,60,1.88988,9.01019,-1
354,600,60,1.88957,9.00739,-1
355,600,60,1.88926,9.0046,-1
356,600,60,1.88895,9.0018,-1
357,600,60,1.88864,8.999,-1
358,600,60,1.88833,8.99621,-1
359,600,60,1.88802,8.99341,-1
360,600,60,1.8877,8.99062,-1
361,600,60,1.88739,8.98782,-1
362,600,60,1.88708,8.98502,-1
363,600,60,1.88677,8.98223,-1
364,600,60,1.88646,8.97943,-1
365,600,60,1.88615,8.97664,-1
366,600,60,1.88584,8.97384,-1
367,600,60,1.88553,8.97104,-1
368,600,60,1.88522,8.96825,-1
369,600,60,1.88491,8.96545,-1
370,600,60,1.88459,8.96265,-1
371,600,60,1.88428,8.95986,-1
372,600,60,1.88397,8.95706,-1
373,600,60,1.88366,8.95427,-1
374,600,60,1.88335,8.95147,-1
375,600,60,1.88304,8.94867,-1
376,600,60,1.88273,8.94588,-1
377,600,60,1.88242,8.94308,-1
378,600,60,1.88211,8.94029,-1
379,600,60,1.88179,8.93749,-1
380,600,60,1.88148,8.93469,-1
381,600,60,1.88117,8.9319,-1
382,600,60,1.88086,8.9291,-1
383,600,60,1.88055,8.92631,-1
384,600,60,1.88024,8.92351,-1
385,600,60,1.87993,8.92071,-1
386,600,60,1.87962,8.91792,-1
387,600,60,1.87931,8.91512,-1
388,600,60,1.879,8.91233,-1
389,600,60,1.87868,8.90953,-1
390,600,60,1.87837,8.90673,-1
391,600,60,1.87806,8.90394,-1
392,600,60,1.87775,8.90114,-1
393,600,60,1.87744,8.89834,-1
394,600,60,1.87713,8.89555,-1
395,600,60,1.87682,8.89275,-1
396,600,60,1.87651,8.88996,-1
397,600,60,1.8762,8.88716,-1
398,600,60,1.87588,8.88436,-1
399,600,60,1.87557,8.88157,-1
400,600,60,1.87526,8.87877,-1
401,600,60,1.87495,8.87598,-1
402,600,60,1.87464,8.87318,-1
403,600,60,1.87433,8.87038,-1
404,600,60,1.87402,8.86759,-1
405,600,60,1.87371,8.86479,-1
406,600,60,1.8734,8.862,-1
407,600,60,1.87308,8.8592,-1
408,600,60,1.87277,8.8564,-1
409,600,60,1.87246,8.85361,-1
410,600,60,1.87215,8.85081,-1
411,600,60,1.87184,8.84802,-1
412,600,60,1.87153,8.84522,-1
413,600,60,1.87122,8.84242,-1
414,600,60,1.87091,8.83963,-1
415,600,60,1.8706,8.83683,-1
416,600,60,1.87029,8.83404,-1
417,600,60,1.86997,8.83124,-1
418,600,60,1.86966,8.82844,-1
419,600,60,1.86935,8.82565,-1
420,600,60,1.86904,8.82285,-1
421,600,60,1.86873,8.82005,-1
422,600,60,1.86842,8.81726,-1
423,600,60,1.86811,8.81446,-1
424,600,60,1.8678,8.81167,-1
425,600,60,1.86749,8.80887,-1
426,600,60,1.86717,8.80607,-1
427,600,60,1.86686,8.80328,-1
428,600,60,1.86655,8.80048,-1
429,600,60,1.86624,8.79769,-1
430,600,60,1.86593,8.79489,-1
431,600,60,1.86562,8.79209,-1
432,600,60,1.86531,8.7893,-1
433,600,60,1.865,8.7865,-1
434,600,60,1.86469,8.78371,-1
435,600,60,1.86437,8.78091,-1
436,600,60,1.86406,8.77811,-1
437,600,60,1.86375,8.77532,-1
438,600,60,1.86344,8.77252,-1
439,600,60,1.86313,8.76973,-1
440,600,60,1.86282,8.76693,-1
441,600,60,1.86251,8.76413,-1
442,600,60,1.8622,8.76134,-1
443,600,60,1.86189,8.75854,-1
444,600,60,1.86158,8.75574,-1
445,600,60,1.86126,8.75295,-1
446,600,60,1.86095,8.75015,-1
447,600,60,1.86064,8.74736,-1
448,600,60,1.86033,8.74456,-1
449,600,60,1.86002,8.74176,-1
450,600,60,1.85971,8.73897,-1
451,600,60,1.8594,8.73617,-1
452,600,60,1.85909,8.73338,-1
453,600,60,1.85878,8.73058,-1
454,600,60,1.85846,8.72778,-1
455,600,60,1.85815,8.72499,-1
456,600,60,1.85784,8.72219,-1
457,600,60,1.85753,8.7194,-1
458,600,60,1.85722,8.7166,-1
459,600,60,1.85691,8.7138,-1
460,600,60,1.8566,8.71101,-1
461,600,60,1.85629,8.70821,-1
462,600,60,1.85598,8.70542,-1
463,600,60,1.85567,8.70262,-1
464,600,60,1.85535,8.69982,-1
465,600,60,1.85504,8.69703,-1
466,600,60,1.85473,8.69423,-1
467,600,60,1.85442,8.69144,-1
468,600,60,1.85411,8.68864,-1
469,600,60,1.8538,8.68584,-1
470,600,60,1.85349,8.68305,-1
471,600,60,1.85318,8.68025,-1
472,600,60,1.85287,8.67745,-1
473,600,60,1.85255,8.67466,-1
474,600,60,1.85224,8.67186,-1
475,600,60,1.85193,8.66907,-1
476,600,60,1.85162,8.66627,-1
477,600,60,1.85131,8.66347,-1
478,600,60,1.851,8.66068,-1
479,600,60,1.85069,8.65788,-1
480,600,60,1.85038,8.65509,-1
481,600,60,1.85007,8.65229,-1
482,600,60,1.84975,8.64949,-1
483,600,60,1.84944,8.6467,-1
484,600,60,1.84913,8.6439,-1
485,600,60,1.84882,8.64111,-1
486,600,60,1.84851,8.63831,-1
487,600,60,1.8482,8.63551,-1
488,600,60,1.84789,8.63272,-1
489,600,60,1.84758,8.62992,-1
490,600,60,1.84727,8.62713,-1
491,600,60,1.84696,8.62433,-1
492,600,60,1.84664,8.62153,-1
493,600,60,1.84633,8.61874,-1
494,600,60,1.84602,8.61594,-1
495,600,60,1.84571,8.61314,-1
496,600,60,1.8454,8.61035,-1
497,600,60,1.84509,8.60755,-1
498,600,60,1.84478,8.60476,-1
499,600,60,1.84447,8.60196,-1
500,600,60,1.84416,8.59916,-1
501,600,60,1.84384,8.59637,-1
502,600,60,1.84353,8.59357,-1
503,600,60,1.84322,8.59078,-1
504,600,60,1.84291,8.58798,-1
505,600,60,1.8426,8.58518,-1
506,600,60,1.84229,8.58239,-1
507,600,60,1.84198,8.57959,-1
508,600,60,1.84167,8.5768,-1
509,600,60,1.84136,8.574,-1
510,600,60,1.84104,8.5712,-1
511,600,60,1.84073,8.56841,-1
512,600,60,1.84042,8.56561,-1
513,600,60,1.84011,8.56282,-1
514,600,60,1.8398,8.56002,-1
515,600,60,1.83949,8.55722,-1
516,600,60,1.83918,8.55443,-1
517,600,60,1.83887,8.55163,-1
518,600,60,1.83856,8.54884,-1
519,600,60,1.83825,8.54604,-1
520,600,60,1.83793,8.54324,-1
521,600,60,1.83762,8.54045,-1
522,600,60,1.83731,8.53765,-1
523,600,60,1.837,8.53485,-1
524,600,60,1.83669,8.53206,-1
525,600,60,1.83638,8.52926,-1
526,600,60,1.83607,8.52647,-1
527,600,60,1.83576,8.52367,-1
528,600,60,1.83545,8.52087,-1
529,600,60,1.83513,8.51808,-1
530,600,60,1.83482,8.51528,-1
531,600,60,1.83451,8.51249,-1
532,600,60,1.8342,8.50969,-1
533,600,60,1.83389,8.50689,-1
534,600,60,1.83358,8.5041,-1
535,600,60,1.83327,8.5013,-1
536,600,60,1.83296,8.49851,-1
537,600,60,1.83265,8.49571,-1
538,600,60,1.83234,8.49291,-1
539,600,60,1.83202,8.49012,-1
540,600,60,1.83171,8.48732,-1
541,600,60,1.8314,8.48453,-1
542,600,60,1.83109,8.48173,-1
543,600,60,1.83078,8.47893,-1
544,600,60,1.83047,8.47614,-1
545,600,60,1.83016,8.47334,-1
546,600,60,1.82985,8.47054,-1
547,600,60,1.82954,8.46775,-1
548,600,60,1.82922,8.46495,-1
549,600,60,1.82891,8.46216,-1
550,600,60,1.8286,8.45936,-1
551,600,60,1.82829,8.45656,-1
552,600,60,1.82798,8.45377,-1
553,600,60,1.82767,8.45097,-1
554,600,60,1.82736,8.44818,-1
555,600,60,1.82705,8.44538,-1
556,600,60,1.82674,8.44258,-1
557,600,60,1.82642,8.43979,-1
558,600,60,1.82611,8.43699,-1
559,600,60,1.8258,8.4342,-1
560,600,60,1.82549,8.4314,-1
561,600,60,1.82518,8.4286,-1
562,600,60,1.82487,8.42581,-1
563,600,60,1.82456,8.42301,-1
564,600,60,1.82425,8.42022,-1
565,600,60,1.82394,8.41742,-1
566,600,60,1.82363,8.41462,-1
567,600,60,1.82331,8.41183,-1
568,600,60,1.823,8.40903,-1
569,600,60,1.82269,8.40624,-1
570,600,60,1.82238,8.40344,-1
571,600,60,1.82207,8.40064,-1
572,600,60,1.82176,8.39785,-1
573,600,60,1.82145,8.39505,-1
574,600,60,1.82114,8.39225,-1
575,600,60,1.82083,8.38946,-1
576,600,60,1.82051,8.38666,-1
577,600,60,1.8202,8.38387,-1
578,600,60,1.81989,8.38107,-1
579,600,60,1.81958,8.37827,-1
580,600,60,1.81927,8.37548,-1
581,600,60,1.81896,8.37268,-1
582,600,60,1.81865,8.36989,-1
583,600,60,1.81834,8.36709,-1
584,600,60,1.81803,8.36429,-1
585,600,60,1.81772,8.3615,-1
586,600,60,1.8174,8.3587,-1
587,600,60,1.81709,8.35591,-1
588,600,60,1.81678,8.35311,-1
589,600,60,1.81647,8.35031,-1
590,600,60,1.81616,8.34752,-1
591,600,60,1.81585,8.34472,-1
592,600,60,1.81554,8.34193,-1
593,600,60,1.81523,8.33913,-1
594,600,60,1.81492,8.33633,-1
595,600,60,1.8146,8.33354,-1
596,600,60,1.81429,8.33074,-1
597,600,60,1.81398,8.32794,-1
598,600,60,1.81367,8.32515,-1
599,600,60,1.81336,8.32235,-1
600,600,60,1.81305,8.31956,-1
601,600,60,1.81274,8.31676,-1
602,600,60,1.81243,8.31396,-1
603,600,60,1.81212,8.31117,-1
604,600,60,1.8118,8.30837,-1
605,600,60,1.81149,8.30558,-1
606,600,60,1.81118,8.30278,-1
607,600,60,1.81087,8.29998,-1
608,600,60,1.81056,8.29719,-1
609,600,60,1.81025,8.29439,-1
610,600,60,1.80994,8.2916,-1
611,600,60,1.80963,8.2888,-1
612,600,60,1.80932,8.286,-1
613,600,60,1.80901,8.28321,-1
614,600,60,1.80869,8.28041,-1
615,600,60,1.80838,8.27762,-1
616,600,60,1.80807,8.27482,-1
617,600,60,1.80776,8.27202,-1
618,600,60,1.80745,8.26923,-1
619,600,60,1.80714,8.26643,-1
620,600,60,1.80683,8.26364,-1
621,600,60,1.80652,8.26084,-1
622,600,60,1.80621,8.25804,-1
623,600,60,1.80589,8.25525,-1
624,600,60,1.80558,8.25245,-1
625,600,60,1.80527,8.24965,-1
626,600,60,1.80496,8.24686,-1
627,600,60,1.80465,8.24406,-1
628,600,60,1.80434,8.24127,-1
629,600,60,1.80403,8.23847,-1
630,600,60,1.80372,8.23567,-1
631,600,60,1.80341,8.23288,-1
632,600,60,1.80309,8.23008,-1
633,600,60,1.80278,8.22729,-1
634,600,60,1.80247,8.22449,-1
635,600,60,1.80216,8.22169,-1
636,600,60,1.80185,8.2189,-1
637,600,60,1.80154,8.2161,-1
638,600,60,1.80123,8.21331,-1
639,600,60,1.80092,8.21051,-1
640,600,60,1.80061,8.20771,-1
641,600,60,1.8003,8.20492,-1
642,600,60,1.79998,8.20212,-1
643,600,60,1.79967,8.19933,-1
644,600,60,1.79936,8.19653,-1
645,600,60,1.79905,8.19373,-1
646,600,60,1.79874,8.19094,-1
647,600,60,1.79843,8.18814,-1
648,600,60,1.79812,8.18534,-1
649,600,60,1.79781,8.18255,-1
650,600,60,1.7975,8.17975,-1
651,600,60,1.79718,8.17696,-1
652,600,60,1.79687,8.17416,-1
653,600,60,1.79656,8.17136,-1
654,600,60,1.79625,8.16857,-1
655,600,60,1.79594,8.16577,-1
656,600,60,1.79563,8.16298,-1
657,600,60,1.79532,8.16018,-1
658,600,60,1.79501,8.15738,-1
659,600,60,1.7947,8.15459,-1
660,600,60,1.79439,8.15179,-1
661,600,60,1.79407,8.149,-1
662,600,60,1.79376,8.1462,-1
663,600,60,1.79345,8.1434,-1
664,600,60,1.79314,8.14061,-1
665,600,60,1.79283,8.13781,-1
666,600,60,1.79252,8.13502,-1
667,600,60,1.79221,8.13222,-1
668,600,60,1.7919,8.12942,-1
669,600,60,1.79159,8.12663,-1
670,600,60,1.79127,8.12383,-1
671,600,60,1.79096,8.12104,-1
672,600,60,1.79065,8.11824,-1
673,600,60,1.79034,8.11544,-1
674,600,60,1.79003,8.11265,-1
675,600,60,1.78972,8.10985,-1
676,600,60,1.78941,8.10705,-1
677,600,60,1.7891,8.10426,-1
678,600,60,1.78879,8.10146,-1
679,600,60,1.78847,8.09867,-1
680,600,60,1.78816,8.09587,-1
681,600,60,1.78785,8.09307,-1
682,600,60,1.78754,8.09028,-1
683,600,60,1.78723,8.08748,-1
684,600,60,1.78692,8.08469,-1
685,600,60,1.78661,8.08189,-1
686,600,60,1.7863,8.07909,-1
687,600,60,1.78599,8.0763,-1
688,600,60,1.78568,8.0735,-1
689,600,60,1.78536,8.07071,-1
690,600,60,1.78505,8.06791,-1
691,600,60,1.78474,8.06511,-1
692,600,60,1.78443,8.06232,-1
693,600,60,1.78412,8.05952,-1
694,600,60,1.78381,8.05673,-1
695,600,60,1.7835,8.05393,-1
696,600,60,1.78319,8.05113,-1
697,600,60,1.78288,8.04834,-1
698,600,60,1.78256,8.04554,-1
699,600,60,1.78225,8.04274,-1
700,600,60,1.78194,8.03995,-1
701,600,60,1.78163,8.03715,-1
702,600,60,1.78132,8.03436,-1
703,600,60,1.78101,8.03156,-1
704,600,60,1.7807,8.02876,-1
705,600,60,1.78039,8.02597,-1
706,600,60,1.78008,8.02317,-1
707,600,60,1.77976,8.02038,-1
708,600,60,1.77945,8.01758,-1
709,600,60,1.77914,8.01478,-1
710,600,60,1.77883,8.01199,-1
711,600,60,1.77852,8.00919,-1
712,600,60,1.77821,8.0064,-1
713,600,60,1.7779,8.0036,-1
714,600,60,1.77759,8.0008,-1
715,600,60,1.77728,7.99801,-1
716,600,60,1.77697,7.99521,-1
717,600,60,1.77665,7.99242,-1
718,600,60,1.77634,7.98962,-1
719,600,60,1.77603,7.98682,-1
720,600,60,1.77572,7.98403,-1
721,600,60,1.77541,7.98123,-1
722,600,60,1.7751,7.97844,-1
723,600,60,1.77479,7.97564,-1
724,600,60,1.77448,7.97284,-1
725,600,60,1.77417,7.97005,-1
726,600,60,1.77385,7.96725,-1
727,600,60,1.77354,7.96445,-1
728,600,60,1.77323,7.96166,-1
729,600,60,1.77292,7.95886,-1
730,600,60,1.77261,7.95607,-1
731,600,60,1.7723,7.95327,-1
732,600,60,1.77199,7.95047,-1
733,600,60,1.77168,7.94768,-1
734,600,60,1.77137,7.94488,-1
735,600,60,1.77106,7.94209,-1
736,600,60,1.77074,7.93929,-1
737,600,60,1.77043,7.93649,-1
738,600,60,1.77012,7.9337,-1
739,600,60,1.76981,7.9309,-1
740,600,60,1.7695,7.92811,-1
741,600,60,1.76919,7.92531,-1
742,600,60,1.76888,7.92251,-1
743,600,60,1.76857,7.91972,-1
744,600,60,1.76826,7.91692,-1
745,600,60,1.76794,7.91413,-1
746,600,60,1.76763,7.91133,-1
747,600,60,1.76732,7.90853,-1
748,600,60,1.76701,7.90574,-1
749,600,60,1.7667,7.90294,-1
750,600,60,1.76639,7.90014,-1
751,600,60,1.76608,7.89735,-1
752,600,60,1.76577,7.89455,-1
753,600,60,1.76546,7.89176,-1
754,600,60,1.76514,7.88896,-1
755,600,60,1.76483,7.88616,-1
756,600,60,1.76452,7.88337,-1
757,600,60,1.76421,7.88057,-1
758,600,60,1.7639,7.87778,-1
759,600,60,1.76359,7.87498,-1
760,600,60,1.76328,7.87218,-1
761,600,60,1.76297,7.86939,-1
762,600,60,1.76266,7.86659,-1
763,600,60,1.76235,7.8638,-1
764,600,60,1.76203,7.861,-1
765,600,60,1.76172,7.8582,-1
766,600,60,1.76141,7.85541,-1
767,600,60,1.7611,7.85261,-1
768,600,60,1.76079,7.84982,-1
769,600,60,1.76048,7.84702,-1
770,600,60,1.76017,7.84422,-1
771,600,60,1.75986,7.84143,-1
772,600,60,1.75955,7.83863,-1
773,600,60,1.75923,7.83584,-1
774,600,60,1.75892,7.83304,-1
775,600,60,1.75861,7.83024,-1
776,600,60,1.7583,7.82745,-1
777,600,60,1.75799,7.82465,-1
778,600,60,1.75768,7.82185,-1
779,600,60,1.75737,7.81906,-1
780,600,60,1.75706,7.81626,-1
781,600,60,1.75675,7.81347,-1
782,600,60,1.75643,7.81067,-1
783,600,60,1.75612,7.80787,-1
784,600,60,1.75581,7.80508,-1
785,600,60,1.7555,7.80228,-1
786,600,60,1.75519,7.79949,-1
787,600,60,1.75488,7.79669,-1
788,600,60,1.75457,7.79389,-1
789,600,60,1.75426,7.7911,-1
790,600,60,1.75395,7.7883,-1
791,600,60,1.75364,7.78551,-1
792,600,60,1.75332,7.78271,-1
793,600,60,1.75301,7.77991,-1
794,600,60,1.7527,7.77712,-1
795,600,60,1.75239,7.77432,-1
796,600,60,1.75208,7.77153,-1
797,600,60,1.75177,7.76873,-1
798,600,60,1.75146,7.76593,-1
799,600,60,1.75115,7.76314,-1
800,600,60,1.75084,7.76034,-1
801,600,60,1.75052,7.75754,-1
802,600,60,1.75021,7.75475,-1
803,600,60,1.7499,7.75195,-1
804,600,60,1.74959,7.74916,-1
805,600,60,1.74928,7.74636,-1
806,600,60,1.74897,7.74356,-1
807,600,60,1.74866,7.74077,-1
808,600,60,1.74835,7.73797,-1
809,600,60,1.74804,7.73518,-1
810,600,60,1.74773,7.73238,-1
811,600,60,1.74741,7.72958,-1
812,600,60,1.7471,7.72679,-1
813,600,60,1.74679,7.72399,-1
814,600,60,1.74648,7.7212,-1
815,600,60,1.74617,7.7184,-1
816,600,60,1.74586,7.7156,-1
817,600,60,1.74555,7.71281,-1
818,600,60,1.74524,7.71001,-1
819,600,60,1.74493,7.70722,-1
820,600,60,1.74461,7.70442,-1
821,600,60,1.7443,7.70162,-1
822,600,60,1.74399,7.69883,-1
823,600,60,1.74368,7.69603,-1
824,600,60,1.74337,7.69324,-1
825,600,60,1.74306,7.69044,-1
826,600,60,1.74275,7.68764,-1
827,600,60,1.74244,7.68485,-1
828,600,60,1.74213,7.68205,-1
829,600,60,1.74181,7.67925,-1
830,600,60,1.7415,7.67646,-1
831,600,60,1.74119,7.67366,-1
832,600,60,1.74088,7.67087,-1
833,600,60,1.74057,7.66807,-1
834,600,60,1.74026,7.66527,-1
835,600,60,1.73995,7.66248,-1
836,600,60,1.73964,7.65968,-1
837,600,60,1.73933,7.65689,-1
838,600,60,1.73902,7.65409,-1
839,600,60,1.7387,7.65129,-1
840,600,60,1.73839,7.6485,-1
841,600,60,1.73808,7.6457,-1
842,600,60,1.73777,7.64291,-1
843,600,60,1.73746,7.64011,-1
844,600,60,1.73715,7.63731,-1
845,600,60,1.73684,7.63452,-1
846,600,60,1.73653,7.63172,-1
847,600,60,1.73622,7.62893,-1
848,600,60,1.7359,7.62613,-1
849,600,60,1.73559,7.62333,-1
850,600,60,1.73528,7.62054,-1
851,600,60,1.73497,7.61774,-1
852,600,60,1.73466,7.61494,-1
853,600,60,1.73435,7.61215,-1
854,600,60,1.73404,7.60935,-1
855,600,60,1.73373,7.60656,-1
856,600,60,1.73342,7.60376,-1
857,600,60,1.7331,7.60096,-1
858,600,60,1.73279,7.59817,-1
859,600,60,1.73248,7.59537,-1
860,600,60,1.73217,7.59258,-1
861,600,60,1.73186,7.58978,-1
862,600,60,1.73155,7.58698,-1
863,600,60,1.73124,7.58419,-1
864,600,60,1.73093,7.58139,-1
865,600,60,1.73062,7.5786,-1
866,600,60,1.73031,7.5758,-1
867,600,60,1.72999,7.573,-1
868,600,60,1.72968,7.57021,-1
869,600,60,1.72937,7.56741,-1
870,600,60,1.72906,7.56462,-1
871,600,60,1.72875,7.56182,-1
872,600,60,1.72844,7.55902,-1
873,600,60,1.72813,7.55623,-1
874,600,60,1.72782,7.55343,-1
875,600,60,1.72751,7.55064,-1
876,600,60,1.72719,7.54784,-1
877,600,60,1.72688,7.54504,-1
878,600,60,1.72657,7.54225,-1
879,600,60,1.72626,7.53945,-1
880,600,60,1.72595,7.53665,-1
881,600,60,1.72564,7.53386,-1
882,600,60,1.72533,7.53106,-1
883,600,60,1.72502,7.52827,-1
884,600,60,1.72471,7.52547,-1
885,600,60,1.7244,7.52267,-1
886,600,60,1.72408,7.51988,-1
887,600,60,1.72377,7.51708,-1
888,600,60,1.72346,7.51429,-1
889,600,60,1.72315,7.51149,-1
890,600,60,1.72284,7.50869,-1
891,600,60,1.72253,7.5059,-1
892,600,60,1.72222,7.5031,-1
893,600,60,1.72191,7.50031,-1
894,600,60,1.7216,7.49751,-1
895,600,60,1.72128,7.49471,-1
896,600,60,1.72097,7.49192,-1
897,600,60,1.72066,7.48912,-1
898,600,60,1.72035,7.48633,-1
899,600,60,1.72004,7.48353,-1
900,600,60,1.71973,7.48073,-1
901,600,60,1.71942,7.47794,-1
902,600,60,1.71911,7.47514,-1
903,600,60,1.7188,7.47234,-1
904,600,60,1.71848,7.46955,-1
905,600,60,1.71817,7.46675,-1
906,600,60,1.71786,7.46396,-1
907,600,60,1.71755,7.46116,-1
908,600,60,1.71724,7.45836,-1
909,600,60,1.71693,7.45557,-1
910,600,60,1.71662,7.45277,-1
911,600,60,1.71631,7.44998,-1
912,600,60,1.716,7.44718,-1
913,600,60,1.71569,7.44438,-1
914,600,60,1.71537,7.44159,-1
915,600,60,1.71506,7.43879,-1
916,600,60,1.71475,7.436,-1
917,600,60,1.71444,7.4332,-1
918,600,60,1.71413,7.4304,-1
919,600,60,1.71382,7.42761,-1
920,600,60,1.71351,7.42481,-1
921,600,60,1.7132,7.42202,-1
922,600,60,1.71289,7.41922,-1
923,600,60,1.71257,7.41642,-1
924,600,60,1.71226,7.41363,-1
925,600,60,1.71195,7.41083,-1
926,600,60,1.71164,7.40804,-1
927,600,60,1.71133,7.40524,-1
928,600,60,1.71102,7.40244,-1
929,600,60,1.71071,7.39965,-1
930,600,60,1.7104,7.39685,-1
931,600,60,1.71009,7.39405,-1
932,600,60,1.70977,7.39126,-1
933,600,60,1.70946,7.38846,-1
934,600,60,1.70915,7.38567,-1
935,600,60,1.70884,7.38287,-1
936,600,60,1.70853,7.38007,-1
937,600,60,1.70822,7.37728,-1
938,600,60,1.70791,7.37448,-1
939,600,60,1.7076,7.37169,-1
940,600,60,1.70729,7.36889,-1
941,600,60,1.70698,7.36609,-1
942,600,60,1.70666,7.3633,-1
943,600,60,1.70635,7.3605,-1
944,600,60,1.70604,7.35771,-1
945,600,60,1.70573,7.35491,-1
946,600,60,1.70542,7.35211,-1
947,600,60,1.70511,7.34932,-1
948,600,60,1.7048,7.34652,-1
949,600,60,1.70449,7.34373,-1
950,600,60,1.70418,7.34093,-1
951,600,60,1.70386,7.33813,-1
952,600,60,1.70355,7.33534,-1
953,600,60,1.70324,7.33254,-1
954,600,60,1.70293,7.32974,-1
955,600,60,1.70262,7.32695,-1
956,600,60,1.70231,7.32415,-1
957,600,60,1.702,7.32136,-1
958,600,60,1.70169,7.31856,-1
959,600,60,1.70138,7.31576,-1
960,600,60,1.70107,7.31297,-1
961,600,60,1.70075,7.31017,-1
962,600,60,1.70044,7.30738,-1
963,600,60,1.70013,7.30458,-1
964,600,60,1.69982,7.30178,-1
965,600,60,1.69951,7.29899,-1
966,600,60,1.6992,7.29619,-1
967,600,60,1.69889,7.2934,-1
968,600,60,1.69858,7.2906,-1
969,600,60,1.69827,7.2878,-1
970,600,60,1.69795,7.28501,-1
971,600,60,1.69764,7.28221,-1
972,600,60,1.69733,7.27942,-1
973,600,60,1.69702,7.27662,-1
974,600,60,1.69671,7.27382,-1
975,600,60,1.6964,7.27103,-1
976,600,60,1.69609,7.26823,-1
977,600,60,1.69578,7.26544,-1
978,600,60,1.69547,7.26264,-1
979,600,60,1.69515,7.25984,-1
980,600,60,1.69484,7.25705,-1
981,600,60,1.69453,7.25425,-1
982,600,60,1.69422,7.25145,-1
983,600,60,1.69391,7.24866,-1
984,600,60,1.6936,7.24586,-1
985,600,60,1.69329,7.24307,-1
986,600,60,1.69298,7.24027,-1
987,600,60,1.69267,7.23747,-1
988,600,60,1.69236,7.23468,-1
989,600,60,1.69204,7.23188,-1
990,600,60,1.69173,7.22909,-1
991,600,60,1.69142,7.22629,-1
992,600,60,1.69111,7.22349,-1
993,600,60,1.6908,7.2207,-1
994,600,60,1.69049,7.2179,-1
995,600,60,1.69018,7.21511,-1
996,600,60,1.68987,7.21231,-1
997,600,60,1.68956,7.20951,-1
998,600,60,1.68924,7.20672,-1
999,600,60,1.68893,7.20392,-1
